col1,col2
0.48907447800000703,0.3088149216473689
